gene_name	chr	start	end	gene_type	strand	additional_info1	additional_info2
Gene1	1	500	1500	protein_coding	+	info1	info1
Gene2	1	2000	3000	non_coding	-	info2	info2
Gene3	1	3500	4500	protein_coding	+	info3	info3
Gene4	1	5000	6000	non_coding	-	info4	info4
Gene5	1	6500	7500	protein_coding	+	info5	info5
Gene6	1	8000	9000	non_coding	-	info6	info6
Gene7	1	9500	10500	protein_coding	+	info7	info7
Gene8	1	11000	12000	non_coding	-	info8	info8
Gene9	1	12500	13500	protein_coding	+	info9	info9
Gene10	1	14000	15000	non_coding	-	info10	info10
Gene11	1	15500	16500	protein_coding	+	info11	info11
Gene12	1	17000	18000	non_coding	-	info12	info12
Gene13	1	18500	19500	protein_coding	+	info13	info13
Gene14	1	20000	21000	non_coding	-	info14	info14
Gene15	1	21500	22500	protein_coding	+	info15	info15
Gene16	1	23000	24000	non_coding	-	info16	info16
Gene17	1	24500	25500	protein_coding	+	info17	info17
Gene18	1	26000	27000	non_coding	-	info18	info18
Gene19	1	27500	28500	protein_coding	+	info19	info19
Gene20	1	29000	30000	non_coding	-	info20	info20
Gene21	1	30500	31500	protein_coding	+	info21	info21
Gene22	1	32000	33000	non_coding	-	info22	info22
Gene23	1	33500	34500	protein_coding	+	info23	info23
Gene24	1	35000	36000	non_coding	-	info24	info24
Gene25	1	36500	37500	protein_coding	+	info25	info25
Gene26	1	38000	39000	non_coding	-	info26	info26
Gene27	1	39500	40500	protein_coding	+	info27	info27
Gene28	1	41000	42000	non_coding	-	info28	info28
Gene29	1	42500	43500	protein_coding	+	info29	info29
Gene30	1	44000	45000	non_coding	-	info30	info30
Gene31	1	45500	46500	protein_coding	+	info31	info31
Gene32	1	47000	48000	non_coding	-	info32	info32
Gene33	1	48500	49500	protein_coding	+	info33	info33
Gene34	1	50000	51000	non_coding	-	info34	info34
Gene35	1	51500	52500	protein_coding	+	info35	info35
Gene36	1	53000	54000	non_coding	-	info36	info36
Gene37	1	54500	55500	protein_coding	+	info37	info37
Gene38	1	56000	57000	non_coding	-	info38	info38
Gene39	1	57500	58500	protein_coding	+	info39	info39
Gene40	1	59000	60000	non_coding	-	info40	info40
Gene41	1	60500	61500	protein_coding	+	info41	info41
Gene42	1	62000	63000	non_coding	-	info42	info42
Gene43	1	63500	64500	protein_coding	+	info43	info43
Gene44	1	65000	66000	non_coding	-	info44	info44
Gene45	1	66500	67500	protein_coding	+	info45	info45
Gene46	1	68000	69000	non_coding	-	info46	info46
Gene47	1	69500	70500	protein_coding	+	info47	info47
Gene48	1	71000	72000	non_coding	-	info48	info48
Gene49	1	72500	73500	protein_coding	+	info49	info49
Gene50	1	74000	75000	non_coding	-	info50	info50
Gene51	1	75500	76500	protein_coding	+	info51	info51
Gene52	1	77000	78000	non_coding	-	info52	info52
Gene53	1	78500	79500	protein_coding	+	info53	info53
Gene54	1	80000	81000	non_coding	-	info54	info54
Gene55	1	81500	82500	protein_coding	+	info55	info55
Gene56	1	83000	84000	non_coding	-	info56	info56
Gene57	1	84500	85500	protein_coding	+	info57	info57
Gene58	1	86000	87000	non_coding	-	info58	info58
Gene59	1	87500	88500	protein_coding	+	info59	info59
Gene60	1	89000	90000	non_coding	-	info60	info60
Gene61	1	90500	91500	protein_coding	+	info61	info61
Gene62	1	92000	93000	non_coding	-	info62	info62
Gene63	1	93500	94500	protein_coding	+	info63	info63
Gene64	1	95000	96000	non_coding	-	info64	info64
Gene65	1	96500	97500	protein_coding	+	info65	info65
Gene66	1	98000	99000	non_coding	-	info66	info66
Gene67	1	99500	100500	protein_coding	+	info67	info67
Gene68	1	101000	102000	non_coding	-	info68	info68
Gene69	1	102500	103500	protein_coding	+	info69	info69
Gene70	1	104000	105000	non_coding	-	info70	info70
Gene71	1	105500	106500	protein_coding	+	info71	info71
Gene72	1	107000	108000	non_coding	-	info72	info72
Gene73	1	108500	109500	protein_coding	+	info73	info73
Gene74	1	110000	111000	non_coding	-	info74	info74
Gene75	1	111500	112500	protein_coding	+	info75	info75
Gene76	1	113000	114000	non_coding	-	info76	info76
Gene77	1	114500	115500	protein_coding	+	info77	info77
Gene78	1	116000	117000	non_coding	-	info78	info78
Gene79	1	117500	118500	protein_coding	+	info79	info79
Gene80	1	119000	120000	non_coding	-	info80	info80
Gene81	1	120500	121500	protein_coding	+	info81	info81
Gene82	1	122000	123000	non_coding	-	info82	info82
Gene83	1	123500	124500	protein_coding	+	info83	info83
Gene84	1	125000	126000	non_coding	-	info84	info84
Gene85	1	126500	127500	protein_coding	+	info85	info85
Gene86	1	128000	129000	non_coding	-	info86	info86
Gene87	1	129500	130500	protein_coding	+	info87	info87
Gene88	1	131000	132000	non_coding	-	info88	info88
Gene89	1	132500	133500	protein_coding	+	info89	info89
Gene90	1	134000	135000	non_coding	-	info90	info90
Gene91	1	135500	136500	protein_coding	+	info91	info91
Gene92	1	137000	138000	non_coding	-	info92	info92
Gene93	1	138500	139500	protein_coding	+	info93	info93
Gene94	1	140000	141000	non_coding	-	info94	info94
Gene95	1	141500	142500	protein_coding	+	info95	info95
Gene96	1	143000	144000	non_coding	-	info96	info96
Gene97	1	144500	145500	protein_coding	+	info97	info97
Gene98	1	146000	147000	non_coding	-	info98	info98
Gene99	1	147500	148500	protein_coding	+	info99	info99
Gene100	1	149000	150000	non_coding	-	info100	info100
Gene101	1	150500	151500	protein_coding	+	info101	info101
Gene102	1	152000	153000	non_coding	-	info102	info102
Gene103	1	153500	154500	protein_coding	+	info103	info103
Gene104	1	155000	156000	non_coding	-	info104	info104
Gene105	1	156500	157500	protein_coding	+	info105	info105
Gene106	1	158000	159000	non_coding	-	info106	info106
Gene107	1	159500	160500	protein_coding	+	info107	info107
Gene108	1	161000	162000	non_coding	-	info108	info108
Gene109	1	162500	163500	protein_coding	+	info109	info109
Gene110	1	164000	165000	non_coding	-	info110	info110
Gene111	1	165500	166500	protein_coding	+	info111	info111
Gene112	1	167000	168000	non_coding	-	info112	info112
Gene113	1	168500	169500	protein_coding	+	info113	info113
Gene114	1	170000	171000	non_coding	-	info114	info114
Gene115	1	171500	172500	protein_coding	+	info115	info115
Gene116	1	173000	174000	non_coding	-	info116	info116
Gene117	1	174500	175500	protein_coding	+	info117	info117
Gene118	1	176000	177000	non_coding	-	info118	info118
Gene119	1	177500	178500	protein_coding	+	info119	info119
Gene120	1	179000	180000	non_coding	-	info120	info120
Gene121	1	180500	181500	protein_coding	+	info121	info121
Gene122	1	182000	183000	non_coding	-	info122	info122
Gene123	1	183500	184500	protein_coding	+	info123	info123
Gene124	1	185000	186000	non_coding	-	info124	info124
Gene125	1	186500	187500	protein_coding	+	info125	info125
Gene126	1	188000	189000	non_coding	-	info126	info126
Gene127	1	189500	190500	protein_coding	+	info127	info127
Gene128	1	191000	192000	non_coding	-	info128	info128
Gene129	1	192500	193500	protein_coding	+	info129	info129
Gene130	1	194000	195000	non_coding	-	info130	info130
Gene131	1	195500	196500	protein_coding	+	info131	info131
Gene132	1	197000	198000	non_coding	-	info132	info132
Gene133	1	198500	199500	protein_coding	+	info133	info133
Gene134	1	200000	201000	non_coding	-	info134	info134
Gene135	1	201500	202500	protein_coding	+	info135	info135
Gene136	1	203000	204000	non_coding	-	info136	info136
Gene137	1	204500	205500	protein_coding	+	info137	info137
Gene138	1	206000	207000	non_coding	-	info138	info138
Gene139	1	207500	208500	protein_coding	+	info139	info139
Gene140	1	209000	210000	non_coding	-	info140	info140
Gene141	1	210500	211500	protein_coding	+	info141	info141
Gene142	1	212000	213000	non_coding	-	info142	info142
Gene143	1	213500	214500	protein_coding	+	info143	info143
Gene144	1	215000	216000	non_coding	-	info144	info144
Gene145	1	216500	217500	protein_coding	+	info145	info145
Gene146	1	218000	219000	non_coding	-	info146	info146
Gene147	1	219500	220500	protein_coding	+	info147	info147
Gene148	1	221000	222000	non_coding	-	info148	info148
Gene149	1	222500	223500	protein_coding	+	info149	info149
Gene150	1	224000	225000	non_coding	-	info150	info150
Gene151	1	225500	226500	protein_coding	+	info151	info151
Gene152	1	227000	228000	non_coding	-	info152	info152
Gene153	1	228500	229500	protein_coding	+	info153	info153
Gene154	1	230000	231000	non_coding	-	info154	info154
Gene155	1	231500	232500	protein_coding	+	info155	info155
Gene156	1	233000	234000	non_coding	-	info156	info156
Gene157	1	234500	235500	protein_coding	+	info157	info157
Gene158	1	236000	237000	non_coding	-	info158	info158
Gene159	1	237500	238500	protein_coding	+	info159	info159
Gene160	1	239000	240000	non_coding	-	info160	info160
Gene161	1	240500	241500	protein_coding	+	info161	info161
Gene162	1	242000	243000	non_coding	-	info162	info162
Gene163	1	243500	244500	protein_coding	+	info163	info163
Gene164	1	245000	246000	non_coding	-	info164	info164
Gene165	1	246500	247500	protein_coding	+	info165	info165
Gene166	1	248000	249000	non_coding	-	info166	info166
Gene167	1	249500	250500	protein_coding	+	info167	info167
Gene168	1	251000	252000	non_coding	-	info168	info168
Gene169	1	252500	253500	protein_coding	+	info169	info169
Gene170	1	254000	255000	non_coding	-	info170	info170
Gene171	1	255500	256500	protein_coding	+	info171	info171
Gene172	1	257000	258000	non_coding	-	info172	info172
Gene173	1	258500	259500	protein_coding	+	info173	info173
Gene174	1	260000	261000	non_coding	-	info174	info174
Gene175	1	261500	262500	protein_coding	+	info175	info175
Gene176	1	263000	264000	non_coding	-	info176	info176
Gene177	1	264500	265500	protein_coding	+	info177	info177
Gene178	1	266000	267000	non_coding	-	info178	info178
Gene179	1	267500	268500	protein_coding	+	info179	info179
Gene180	1	269000	270000	non_coding	-	info180	info180
Gene181	1	270500	271500	protein_coding	+	info181	info181
Gene182	1	272000	273000	non_coding	-	info182	info182
Gene183	1	273500	274500	protein_coding	+	info183	info183
Gene184	1	275000	276000	non_coding	-	info184	info184
Gene185	1	276500	277500	protein_coding	+	info185	info185
Gene186	1	278000	279000	non_coding	-	info186	info186
Gene187	1	279500	280500	protein_coding	+	info187	info187
Gene188	1	281000	282000	non_coding	-	info188	info188
Gene189	1	282500	283500	protein_coding	+	info189	info189
Gene190	1	284000	285000	non_coding	-	info190	info190
Gene191	1	285500	286500	protein_coding	+	info191	info191
Gene192	1	287000	288000	non_coding	-	info192	info192
Gene193	1	288500	289500	protein_coding	+	info193	info193
Gene194	1	290000	291000	non_coding	-	info194	info194
Gene195	1	291500	292500	protein_coding	+	info195	info195
Gene196	1	293000	294000	non_coding	-	info196	info196
Gene197	1	294500	295500	protein_coding	+	info197	info197
Gene198	1	296000	297000	non_coding	-	info198	info198
Gene199	1	297500	298500	protein_coding	+	info199	info199
Gene200	1	299000	300000	non_coding	-	info200	info200
Gene201	1	300500	301500	protein_coding	+	info201	info201
Gene202	1	302000	303000	non_coding	-	info202	info202
Gene203	1	303500	304500	protein_coding	+	info203	info203
Gene204	1	305000	306000	non_coding	-	info204	info204
Gene205	1	306500	307500	protein_coding	+	info205	info205
Gene206	1	308000	309000	non_coding	-	info206	info206
Gene207	1	309500	310500	protein_coding	+	info207	info207
Gene208	1	311000	312000	non_coding	-	info208	info208
Gene209	1	312500	313500	protein_coding	+	info209	info209
Gene210	1	314000	315000	non_coding	-	info210	info210
Gene211	1	315500	316500	protein_coding	+	info211	info211
Gene212	1	317000	318000	non_coding	-	info212	info212
Gene213	1	318500	319500	protein_coding	+	info213	info213
Gene214	1	320000	321000	non_coding	-	info214	info214
Gene215	1	321500	322500	protein_coding	+	info215	info215
Gene216	1	323000	324000	non_coding	-	info216	info216
Gene217	1	324500	325500	protein_coding	+	info217	info217
Gene218	1	326000	327000	non_coding	-	info218	info218
Gene219	1	327500	328500	protein_coding	+	info219	info219
Gene220	1	329000	330000	non_coding	-	info220	info220
Gene221	1	330500	331500	protein_coding	+	info221	info221
Gene222	1	332000	333000	non_coding	-	info222	info222
Gene223	1	333500	334500	protein_coding	+	info223	info223
Gene224	1	335000	336000	non_coding	-	info224	info224
Gene225	1	336500	337500	protein_coding	+	info225	info225
Gene226	1	338000	339000	non_coding	-	info226	info226
Gene227	1	339500	340500	protein_coding	+	info227	info227
Gene228	1	341000	342000	non_coding	-	info228	info228
Gene229	1	342500	343500	protein_coding	+	info229	info229
Gene230	1	344000	345000	non_coding	-	info230	info230
Gene231	1	345500	346500	protein_coding	+	info231	info231
Gene232	1	347000	348000	non_coding	-	info232	info232
Gene233	1	348500	349500	protein_coding	+	info233	info233
Gene234	1	350000	351000	non_coding	-	info234	info234
Gene235	1	351500	352500	protein_coding	+	info235	info235
Gene236	1	353000	354000	non_coding	-	info236	info236
Gene237	1	354500	355500	protein_coding	+	info237	info237
Gene238	1	356000	357000	non_coding	-	info238	info238
Gene239	1	357500	358500	protein_coding	+	info239	info239
Gene240	1	359000	360000	non_coding	-	info240	info240
Gene241	1	360500	361500	protein_coding	+	info241	info241
Gene242	1	362000	363000	non_coding	-	info242	info242
Gene243	1	363500	364500	protein_coding	+	info243	info243
Gene244	1	365000	366000	non_coding	-	info244	info244
Gene245	1	366500	367500	protein_coding	+	info245	info245
Gene246	1	368000	369000	non_coding	-	info246	info246
Gene247	1	369500	370500	protein_coding	+	info247	info247
Gene248	1	371000	372000	non_coding	-	info248	info248
Gene249	1	372500	373500	protein_coding	+	info249	info249
Gene250	1	374000	375000	non_coding	-	info250	info250
Gene251	1	375500	376500	protein_coding	+	info251	info251
Gene252	1	377000	378000	non_coding	-	info252	info252
Gene253	1	378500	379500	protein_coding	+	info253	info253
Gene254	1	380000	381000	non_coding	-	info254	info254
Gene255	1	381500	382500	protein_coding	+	info255	info255
Gene256	1	383000	384000	non_coding	-	info256	info256
Gene257	1	384500	385500	protein_coding	+	info257	info257
Gene258	1	386000	387000	non_coding	-	info258	info258
Gene259	1	387500	388500	protein_coding	+	info259	info259
Gene260	1	389000	390000	non_coding	-	info260	info260
Gene261	1	390500	391500	protein_coding	+	info261	info261
Gene262	1	392000	393000	non_coding	-	info262	info262
Gene263	1	393500	394500	protein_coding	+	info263	info263
Gene264	1	395000	396000	non_coding	-	info264	info264
Gene265	1	396500	397500	protein_coding	+	info265	info265
Gene266	1	398000	399000	non_coding	-	info266	info266
Gene267	1	399500	400500	protein_coding	+	info267	info267
Gene268	1	401000	402000	non_coding	-	info268	info268
Gene269	1	402500	403500	protein_coding	+	info269	info269
Gene270	1	404000	405000	non_coding	-	info270	info270
Gene271	1	405500	406500	protein_coding	+	info271	info271
Gene272	1	407000	408000	non_coding	-	info272	info272
Gene273	1	408500	409500	protein_coding	+	info273	info273
Gene274	1	410000	411000	non_coding	-	info274	info274
Gene275	1	411500	412500	protein_coding	+	info275	info275
Gene276	1	413000	414000	non_coding	-	info276	info276
Gene277	1	414500	415500	protein_coding	+	info277	info277
Gene278	1	416000	417000	non_coding	-	info278	info278
Gene279	1	417500	418500	protein_coding	+	info279	info279
Gene280	1	419000	420000	non_coding	-	info280	info280
Gene281	1	420500	421500	protein_coding	+	info281	info281
Gene282	1	422000	423000	non_coding	-	info282	info282
Gene283	1	423500	424500	protein_coding	+	info283	info283
Gene284	1	425000	426000	non_coding	-	info284	info284
Gene285	1	426500	427500	protein_coding	+	info285	info285
Gene286	1	428000	429000	non_coding	-	info286	info286
Gene287	1	429500	430500	protein_coding	+	info287	info287
Gene288	1	431000	432000	non_coding	-	info288	info288
Gene289	1	432500	433500	protein_coding	+	info289	info289
Gene290	1	434000	435000	non_coding	-	info290	info290
Gene291	1	435500	436500	protein_coding	+	info291	info291
Gene292	1	437000	438000	non_coding	-	info292	info292
Gene293	1	438500	439500	protein_coding	+	info293	info293
Gene294	1	440000	441000	non_coding	-	info294	info294
Gene295	1	441500	442500	protein_coding	+	info295	info295
Gene296	1	443000	444000	non_coding	-	info296	info296
Gene297	1	444500	445500	protein_coding	+	info297	info297
Gene298	1	446000	447000	non_coding	-	info298	info298
Gene299	1	447500	448500	protein_coding	+	info299	info299
Gene300	1	449000	450000	non_coding	-	info300	info300
Gene301	1	450500	451500	protein_coding	+	info301	info301
Gene302	1	452000	453000	non_coding	-	info302	info302
Gene303	1	453500	454500	protein_coding	+	info303	info303
Gene304	1	455000	456000	non_coding	-	info304	info304
Gene305	1	456500	457500	protein_coding	+	info305	info305
Gene306	1	458000	459000	non_coding	-	info306	info306
Gene307	1	459500	460500	protein_coding	+	info307	info307
Gene308	1	461000	462000	non_coding	-	info308	info308
Gene309	1	462500	463500	protein_coding	+	info309	info309
Gene310	1	464000	465000	non_coding	-	info310	info310
Gene311	1	465500	466500	protein_coding	+	info311	info311
Gene312	1	467000	468000	non_coding	-	info312	info312
Gene313	1	468500	469500	protein_coding	+	info313	info313
Gene314	1	470000	471000	non_coding	-	info314	info314
Gene315	1	471500	472500	protein_coding	+	info315	info315
Gene316	1	473000	474000	non_coding	-	info316	info316
Gene317	1	474500	475500	protein_coding	+	info317	info317
Gene318	1	476000	477000	non_coding	-	info318	info318
Gene319	1	477500	478500	protein_coding	+	info319	info319
Gene320	1	479000	480000	non_coding	-	info320	info320
Gene321	1	480500	481500	protein_coding	+	info321	info321
Gene322	1	482000	483000	non_coding	-	info322	info322
Gene323	1	483500	484500	protein_coding	+	info323	info323
Gene324	1	485000	486000	non_coding	-	info324	info324
Gene325	1	486500	487500	protein_coding	+	info325	info325
Gene326	1	488000	489000	non_coding	-	info326	info326
Gene327	1	489500	490500	protein_coding	+	info327	info327
Gene328	1	491000	492000	non_coding	-	info328	info328
Gene329	1	492500	493500	protein_coding	+	info329	info329
Gene330	1	494000	495000	non_coding	-	info330	info330
Gene331	1	495500	496500	protein_coding	+	info331	info331
Gene332	1	497000	498000	non_coding	-	info332	info332
Gene333	1	498500	499500	protein_coding	+	info333	info333
Gene334	1	500000	501000	non_coding	-	info334	info334
Gene335	1	501500	502500	protein_coding	+	info335	info335
Gene336	1	503000	504000	non_coding	-	info336	info336
Gene337	1	504500	505500	protein_coding	+	info337	info337
Gene338	1	506000	507000	non_coding	-	info338	info338
Gene339	1	507500	508500	protein_coding	+	info339	info339
Gene340	1	509000	510000	non_coding	-	info340	info340
Gene341	1	510500	511500	protein_coding	+	info341	info341
Gene342	1	512000	513000	non_coding	-	info342	info342
Gene343	1	513500	514500	protein_coding	+	info343	info343
Gene344	1	515000	516000	non_coding	-	info344	info344
Gene345	1	516500	517500	protein_coding	+	info345	info345
Gene346	1	518000	519000	non_coding	-	info346	info346
Gene347	1	519500	520500	protein_coding	+	info347	info347
Gene348	1	521000	522000	non_coding	-	info348	info348
Gene349	1	522500	523500	protein_coding	+	info349	info349
Gene350	1	524000	525000	non_coding	-	info350	info350
Gene351	1	525500	526500	protein_coding	+	info351	info351
Gene352	1	527000	528000	non_coding	-	info352	info352
Gene353	1	528500	529500	protein_coding	+	info353	info353
Gene354	1	530000	531000	non_coding	-	info354	info354
Gene355	1	531500	532500	protein_coding	+	info355	info355
Gene356	1	533000	534000	non_coding	-	info356	info356
Gene357	1	534500	535500	protein_coding	+	info357	info357
Gene358	1	536000	537000	non_coding	-	info358	info358
Gene359	1	537500	538500	protein_coding	+	info359	info359
Gene360	1	539000	540000	non_coding	-	info360	info360
Gene361	1	540500	541500	protein_coding	+	info361	info361
Gene362	1	542000	543000	non_coding	-	info362	info362
Gene363	1	543500	544500	protein_coding	+	info363	info363
Gene364	1	545000	546000	non_coding	-	info364	info364
Gene365	1	546500	547500	protein_coding	+	info365	info365
Gene366	1	548000	549000	non_coding	-	info366	info366
Gene367	1	549500	550500	protein_coding	+	info367	info367
Gene368	1	551000	552000	non_coding	-	info368	info368
Gene369	1	552500	553500	protein_coding	+	info369	info369
Gene370	1	554000	555000	non_coding	-	info370	info370
Gene371	1	555500	556500	protein_coding	+	info371	info371
Gene372	1	557000	558000	non_coding	-	info372	info372
Gene373	1	558500	559500	protein_coding	+	info373	info373
Gene374	1	560000	561000	non_coding	-	info374	info374
Gene375	1	561500	562500	protein_coding	+	info375	info375
Gene376	1	563000	564000	non_coding	-	info376	info376
Gene377	1	564500	565500	protein_coding	+	info377	info377
Gene378	1	566000	567000	non_coding	-	info378	info378
Gene379	1	567500	568500	protein_coding	+	info379	info379
Gene380	1	569000	570000	non_coding	-	info380	info380
Gene381	1	570500	571500	protein_coding	+	info381	info381
Gene382	1	572000	573000	non_coding	-	info382	info382
Gene383	1	573500	574500	protein_coding	+	info383	info383
Gene384	1	575000	576000	non_coding	-	info384	info384
Gene385	1	576500	577500	protein_coding	+	info385	info385
Gene386	1	578000	579000	non_coding	-	info386	info386
Gene387	1	579500	580500	protein_coding	+	info387	info387
Gene388	1	581000	582000	non_coding	-	info388	info388
Gene389	1	582500	583500	protein_coding	+	info389	info389
Gene390	1	584000	585000	non_coding	-	info390	info390
Gene391	1	585500	586500	protein_coding	+	info391	info391
Gene392	1	587000	588000	non_coding	-	info392	info392
Gene393	1	588500	589500	protein_coding	+	info393	info393
Gene394	1	590000	591000	non_coding	-	info394	info394
Gene395	1	591500	592500	protein_coding	+	info395	info395
Gene396	1	593000	594000	non_coding	-	info396	info396
Gene397	1	594500	595500	protein_coding	+	info397	info397
Gene398	1	596000	597000	non_coding	-	info398	info398
Gene399	1	597500	598500	protein_coding	+	info399	info399
Gene400	1	599000	600000	non_coding	-	info400	info400
Gene401	1	600500	601500	protein_coding	+	info401	info401
Gene402	1	602000	603000	non_coding	-	info402	info402
Gene403	1	603500	604500	protein_coding	+	info403	info403
Gene404	1	605000	606000	non_coding	-	info404	info404
Gene405	1	606500	607500	protein_coding	+	info405	info405
Gene406	1	608000	609000	non_coding	-	info406	info406
Gene407	1	609500	610500	protein_coding	+	info407	info407
Gene408	1	611000	612000	non_coding	-	info408	info408
Gene409	1	612500	613500	protein_coding	+	info409	info409
Gene410	1	614000	615000	non_coding	-	info410	info410
Gene411	1	615500	616500	protein_coding	+	info411	info411
Gene412	1	617000	618000	non_coding	-	info412	info412
Gene413	1	618500	619500	protein_coding	+	info413	info413
Gene414	1	620000	621000	non_coding	-	info414	info414
Gene415	1	621500	622500	protein_coding	+	info415	info415
Gene416	1	623000	624000	non_coding	-	info416	info416
Gene417	1	624500	625500	protein_coding	+	info417	info417
Gene418	1	626000	627000	non_coding	-	info418	info418
Gene419	1	627500	628500	protein_coding	+	info419	info419
Gene420	1	629000	630000	non_coding	-	info420	info420
Gene421	1	630500	631500	protein_coding	+	info421	info421
Gene422	1	632000	633000	non_coding	-	info422	info422
Gene423	1	633500	634500	protein_coding	+	info423	info423
Gene424	1	635000	636000	non_coding	-	info424	info424
Gene425	1	636500	637500	protein_coding	+	info425	info425
Gene426	1	638000	639000	non_coding	-	info426	info426
Gene427	1	639500	640500	protein_coding	+	info427	info427
Gene428	1	641000	642000	non_coding	-	info428	info428
Gene429	1	642500	643500	protein_coding	+	info429	info429
Gene430	1	644000	645000	non_coding	-	info430	info430
Gene431	1	645500	646500	protein_coding	+	info431	info431
Gene432	1	647000	648000	non_coding	-	info432	info432
Gene433	1	648500	649500	protein_coding	+	info433	info433
Gene434	1	650000	651000	non_coding	-	info434	info434
Gene435	1	651500	652500	protein_coding	+	info435	info435
Gene436	1	653000	654000	non_coding	-	info436	info436
Gene437	1	654500	655500	protein_coding	+	info437	info437
Gene438	1	656000	657000	non_coding	-	info438	info438
Gene439	1	657500	658500	protein_coding	+	info439	info439
Gene440	1	659000	660000	non_coding	-	info440	info440
Gene441	1	660500	661500	protein_coding	+	info441	info441
Gene442	1	662000	663000	non_coding	-	info442	info442
Gene443	1	663500	664500	protein_coding	+	info443	info443
Gene444	1	665000	666000	non_coding	-	info444	info444
Gene445	1	666500	667500	protein_coding	+	info445	info445
Gene446	1	668000	669000	non_coding	-	info446	info446
Gene447	1	669500	670500	protein_coding	+	info447	info447
Gene448	1	671000	672000	non_coding	-	info448	info448
Gene449	1	672500	673500	protein_coding	+	info449	info449
Gene450	1	674000	675000	non_coding	-	info450	info450
Gene451	1	675500	676500	protein_coding	+	info451	info451
Gene452	1	677000	678000	non_coding	-	info452	info452
Gene453	1	678500	679500	protein_coding	+	info453	info453
Gene454	1	680000	681000	non_coding	-	info454	info454
Gene455	1	681500	682500	protein_coding	+	info455	info455
Gene456	1	683000	684000	non_coding	-	info456	info456
Gene457	1	684500	685500	protein_coding	+	info457	info457
Gene458	1	686000	687000	non_coding	-	info458	info458
Gene459	1	687500	688500	protein_coding	+	info459	info459
Gene460	1	689000	690000	non_coding	-	info460	info460
Gene461	1	690500	691500	protein_coding	+	info461	info461
Gene462	1	692000	693000	non_coding	-	info462	info462
Gene463	1	693500	694500	protein_coding	+	info463	info463
Gene464	1	695000	696000	non_coding	-	info464	info464
Gene465	1	696500	697500	protein_coding	+	info465	info465
Gene466	1	698000	699000	non_coding	-	info466	info466
Gene467	1	699500	700500	protein_coding	+	info467	info467
Gene468	1	701000	702000	non_coding	-	info468	info468
Gene469	1	702500	703500	protein_coding	+	info469	info469
Gene470	1	704000	705000	non_coding	-	info470	info470
Gene471	1	705500	706500	protein_coding	+	info471	info471
Gene472	1	707000	708000	non_coding	-	info472	info472
Gene473	1	708500	709500	protein_coding	+	info473	info473
Gene474	1	710000	711000	non_coding	-	info474	info474
Gene475	1	711500	712500	protein_coding	+	info475	info475
Gene476	1	713000	714000	non_coding	-	info476	info476
Gene477	1	714500	715500	protein_coding	+	info477	info477
Gene478	1	716000	717000	non_coding	-	info478	info478
Gene479	1	717500	718500	protein_coding	+	info479	info479
Gene480	1	719000	720000	non_coding	-	info480	info480
Gene481	1	720500	721500	protein_coding	+	info481	info481
Gene482	1	722000	723000	non_coding	-	info482	info482
Gene483	1	723500	724500	protein_coding	+	info483	info483
Gene484	1	725000	726000	non_coding	-	info484	info484
Gene485	1	726500	727500	protein_coding	+	info485	info485
Gene486	1	728000	729000	non_coding	-	info486	info486
Gene487	1	729500	730500	protein_coding	+	info487	info487
Gene488	1	731000	732000	non_coding	-	info488	info488
Gene489	1	732500	733500	protein_coding	+	info489	info489
Gene490	1	734000	735000	non_coding	-	info490	info490
Gene491	1	735500	736500	protein_coding	+	info491	info491
Gene492	1	737000	738000	non_coding	-	info492	info492
Gene493	1	738500	739500	protein_coding	+	info493	info493
Gene494	1	740000	741000	non_coding	-	info494	info494
Gene495	1	741500	742500	protein_coding	+	info495	info495
Gene496	1	743000	744000	non_coding	-	info496	info496
Gene497	1	744500	745500	protein_coding	+	info497	info497
Gene498	1	746000	747000	non_coding	-	info498	info498
Gene499	1	747500	748500	protein_coding	+	info499	info499
Gene500	1	749000	750000	non_coding	-	info500	info500
Gene501	1	750500	751500	protein_coding	+	info501	info501
Gene502	1	752000	753000	non_coding	-	info502	info502
Gene503	1	753500	754500	protein_coding	+	info503	info503
Gene504	1	755000	756000	non_coding	-	info504	info504
Gene505	1	756500	757500	protein_coding	+	info505	info505
Gene506	1	758000	759000	non_coding	-	info506	info506
Gene507	1	759500	760500	protein_coding	+	info507	info507
Gene508	1	761000	762000	non_coding	-	info508	info508
Gene509	1	762500	763500	protein_coding	+	info509	info509
Gene510	1	764000	765000	non_coding	-	info510	info510
Gene511	1	765500	766500	protein_coding	+	info511	info511
Gene512	1	767000	768000	non_coding	-	info512	info512
Gene513	1	768500	769500	protein_coding	+	info513	info513
Gene514	1	770000	771000	non_coding	-	info514	info514
Gene515	1	771500	772500	protein_coding	+	info515	info515
Gene516	1	773000	774000	non_coding	-	info516	info516
Gene517	1	774500	775500	protein_coding	+	info517	info517
Gene518	1	776000	777000	non_coding	-	info518	info518
Gene519	1	777500	778500	protein_coding	+	info519	info519
Gene520	1	779000	780000	non_coding	-	info520	info520
Gene521	1	780500	781500	protein_coding	+	info521	info521
Gene522	1	782000	783000	non_coding	-	info522	info522
Gene523	1	783500	784500	protein_coding	+	info523	info523
Gene524	1	785000	786000	non_coding	-	info524	info524
Gene525	1	786500	787500	protein_coding	+	info525	info525
Gene526	1	788000	789000	non_coding	-	info526	info526
Gene527	1	789500	790500	protein_coding	+	info527	info527
Gene528	1	791000	792000	non_coding	-	info528	info528
Gene529	1	792500	793500	protein_coding	+	info529	info529
Gene530	1	794000	795000	non_coding	-	info530	info530
Gene531	1	795500	796500	protein_coding	+	info531	info531
Gene532	1	797000	798000	non_coding	-	info532	info532
Gene533	1	798500	799500	protein_coding	+	info533	info533
Gene534	1	800000	801000	non_coding	-	info534	info534
Gene535	1	801500	802500	protein_coding	+	info535	info535
Gene536	1	803000	804000	non_coding	-	info536	info536
Gene537	1	804500	805500	protein_coding	+	info537	info537
Gene538	1	806000	807000	non_coding	-	info538	info538
Gene539	1	807500	808500	protein_coding	+	info539	info539
Gene540	1	809000	810000	non_coding	-	info540	info540
Gene541	1	810500	811500	protein_coding	+	info541	info541
Gene542	1	812000	813000	non_coding	-	info542	info542
Gene543	1	813500	814500	protein_coding	+	info543	info543
Gene544	1	815000	816000	non_coding	-	info544	info544
Gene545	1	816500	817500	protein_coding	+	info545	info545
Gene546	1	818000	819000	non_coding	-	info546	info546
Gene547	1	819500	820500	protein_coding	+	info547	info547
Gene548	1	821000	822000	non_coding	-	info548	info548
Gene549	1	822500	823500	protein_coding	+	info549	info549
Gene550	1	824000	825000	non_coding	-	info550	info550
Gene551	1	825500	826500	protein_coding	+	info551	info551
Gene552	1	827000	828000	non_coding	-	info552	info552
Gene553	1	828500	829500	protein_coding	+	info553	info553
Gene554	1	830000	831000	non_coding	-	info554	info554
Gene555	1	831500	832500	protein_coding	+	info555	info555
Gene556	1	833000	834000	non_coding	-	info556	info556
Gene557	1	834500	835500	protein_coding	+	info557	info557
Gene558	1	836000	837000	non_coding	-	info558	info558
Gene559	1	837500	838500	protein_coding	+	info559	info559
Gene560	1	839000	840000	non_coding	-	info560	info560
Gene561	1	840500	841500	protein_coding	+	info561	info561
Gene562	1	842000	843000	non_coding	-	info562	info562
Gene563	1	843500	844500	protein_coding	+	info563	info563
Gene564	1	845000	846000	non_coding	-	info564	info564
Gene565	1	846500	847500	protein_coding	+	info565	info565
Gene566	1	848000	849000	non_coding	-	info566	info566
Gene567	1	849500	850500	protein_coding	+	info567	info567
Gene568	1	851000	852000	non_coding	-	info568	info568
Gene569	1	852500	853500	protein_coding	+	info569	info569
Gene570	1	854000	855000	non_coding	-	info570	info570
Gene571	1	855500	856500	protein_coding	+	info571	info571
Gene572	1	857000	858000	non_coding	-	info572	info572
Gene573	1	858500	859500	protein_coding	+	info573	info573
Gene574	1	860000	861000	non_coding	-	info574	info574
Gene575	1	861500	862500	protein_coding	+	info575	info575
Gene576	1	863000	864000	non_coding	-	info576	info576
Gene577	1	864500	865500	protein_coding	+	info577	info577
Gene578	1	866000	867000	non_coding	-	info578	info578
Gene579	1	867500	868500	protein_coding	+	info579	info579
Gene580	1	869000	870000	non_coding	-	info580	info580
Gene581	1	870500	871500	protein_coding	+	info581	info581
Gene582	1	872000	873000	non_coding	-	info582	info582
Gene583	1	873500	874500	protein_coding	+	info583	info583
Gene584	1	875000	876000	non_coding	-	info584	info584
Gene585	1	876500	877500	protein_coding	+	info585	info585
Gene586	1	878000	879000	non_coding	-	info586	info586
Gene587	1	879500	880500	protein_coding	+	info587	info587
Gene588	1	881000	882000	non_coding	-	info588	info588
Gene589	1	882500	883500	protein_coding	+	info589	info589
Gene590	1	884000	885000	non_coding	-	info590	info590
Gene591	1	885500	886500	protein_coding	+	info591	info591
Gene592	1	887000	888000	non_coding	-	info592	info592
Gene593	1	888500	889500	protein_coding	+	info593	info593
Gene594	1	890000	891000	non_coding	-	info594	info594
Gene595	1	891500	892500	protein_coding	+	info595	info595
Gene596	1	893000	894000	non_coding	-	info596	info596
Gene597	1	894500	895500	protein_coding	+	info597	info597
Gene598	1	896000	897000	non_coding	-	info598	info598
Gene599	1	897500	898500	protein_coding	+	info599	info599
Gene600	1	899000	900000	non_coding	-	info600	info600
Gene601	1	900500	901500	protein_coding	+	info601	info601
Gene602	1	902000	903000	non_coding	-	info602	info602
Gene603	1	903500	904500	protein_coding	+	info603	info603
Gene604	1	905000	906000	non_coding	-	info604	info604
Gene605	1	906500	907500	protein_coding	+	info605	info605
Gene606	1	908000	909000	non_coding	-	info606	info606
Gene607	1	909500	910500	protein_coding	+	info607	info607
Gene608	1	911000	912000	non_coding	-	info608	info608
Gene609	1	912500	913500	protein_coding	+	info609	info609
Gene610	1	914000	915000	non_coding	-	info610	info610
Gene611	1	915500	916500	protein_coding	+	info611	info611
Gene612	1	917000	918000	non_coding	-	info612	info612
Gene613	1	918500	919500	protein_coding	+	info613	info613
Gene614	1	920000	921000	non_coding	-	info614	info614
Gene615	1	921500	922500	protein_coding	+	info615	info615
Gene616	1	923000	924000	non_coding	-	info616	info616
Gene617	1	924500	925500	protein_coding	+	info617	info617
Gene618	1	926000	927000	non_coding	-	info618	info618
Gene619	1	927500	928500	protein_coding	+	info619	info619
Gene620	1	929000	930000	non_coding	-	info620	info620
Gene621	1	930500	931500	protein_coding	+	info621	info621
Gene622	1	932000	933000	non_coding	-	info622	info622
Gene623	1	933500	934500	protein_coding	+	info623	info623
Gene624	1	935000	936000	non_coding	-	info624	info624
Gene625	1	936500	937500	protein_coding	+	info625	info625
Gene626	1	938000	939000	non_coding	-	info626	info626
Gene627	1	939500	940500	protein_coding	+	info627	info627
Gene628	1	941000	942000	non_coding	-	info628	info628
Gene629	1	942500	943500	protein_coding	+	info629	info629
Gene630	1	944000	945000	non_coding	-	info630	info630
Gene631	1	945500	946500	protein_coding	+	info631	info631
Gene632	1	947000	948000	non_coding	-	info632	info632
Gene633	1	948500	949500	protein_coding	+	info633	info633
Gene634	1	950000	951000	non_coding	-	info634	info634
Gene635	1	951500	952500	protein_coding	+	info635	info635
Gene636	1	953000	954000	non_coding	-	info636	info636
Gene637	1	954500	955500	protein_coding	+	info637	info637
Gene638	1	956000	957000	non_coding	-	info638	info638
Gene639	1	957500	958500	protein_coding	+	info639	info639
Gene640	1	959000	960000	non_coding	-	info640	info640
Gene641	1	960500	961500	protein_coding	+	info641	info641
Gene642	1	962000	963000	non_coding	-	info642	info642
Gene643	1	963500	964500	protein_coding	+	info643	info643
Gene644	1	965000	966000	non_coding	-	info644	info644
Gene645	1	966500	967500	protein_coding	+	info645	info645
Gene646	1	968000	969000	non_coding	-	info646	info646
Gene647	1	969500	970500	protein_coding	+	info647	info647
Gene648	1	971000	972000	non_coding	-	info648	info648
Gene649	1	972500	973500	protein_coding	+	info649	info649
Gene650	1	974000	975000	non_coding	-	info650	info650
Gene651	1	975500	976500	protein_coding	+	info651	info651
Gene652	1	977000	978000	non_coding	-	info652	info652
Gene653	1	978500	979500	protein_coding	+	info653	info653
Gene654	1	980000	981000	non_coding	-	info654	info654
Gene655	1	981500	982500	protein_coding	+	info655	info655
Gene656	1	983000	984000	non_coding	-	info656	info656
Gene657	1	984500	985500	protein_coding	+	info657	info657
Gene658	1	986000	987000	non_coding	-	info658	info658
Gene659	1	987500	988500	protein_coding	+	info659	info659
Gene660	1	989000	990000	non_coding	-	info660	info660
Gene661	1	990500	991500	protein_coding	+	info661	info661
Gene662	1	992000	993000	non_coding	-	info662	info662
Gene663	1	993500	994500	protein_coding	+	info663	info663
Gene664	1	995000	996000	non_coding	-	info664	info664
Gene665	1	996500	997500	protein_coding	+	info665	info665
Gene666	1	998000	999000	non_coding	-	info666	info666
Gene667	1	999500	1000500	protein_coding	+	info667	info667
Gene668	1	1001000	1002000	non_coding	-	info668	info668
Gene669	1	1002500	1003500	protein_coding	+	info669	info669
Gene670	1	1004000	1005000	non_coding	-	info670	info670
Gene671	1	1005500	1006500	protein_coding	+	info671	info671
Gene672	1	1007000	1008000	non_coding	-	info672	info672
Gene673	1	1008500	1009500	protein_coding	+	info673	info673
Gene674	1	1010000	1011000	non_coding	-	info674	info674
Gene675	1	1011500	1012500	protein_coding	+	info675	info675
Gene676	1	1013000	1014000	non_coding	-	info676	info676
Gene677	1	1014500	1015500	protein_coding	+	info677	info677
Gene678	1	1016000	1017000	non_coding	-	info678	info678
Gene679	1	1017500	1018500	protein_coding	+	info679	info679
Gene680	1	1019000	1020000	non_coding	-	info680	info680
Gene681	1	1020500	1021500	protein_coding	+	info681	info681
Gene682	1	1022000	1023000	non_coding	-	info682	info682
Gene683	1	1023500	1024500	protein_coding	+	info683	info683
Gene684	1	1025000	1026000	non_coding	-	info684	info684
Gene685	1	1026500	1027500	protein_coding	+	info685	info685
Gene686	1	1028000	1029000	non_coding	-	info686	info686
Gene687	1	1029500	1030500	protein_coding	+	info687	info687
Gene688	1	1031000	1032000	non_coding	-	info688	info688
Gene689	1	1032500	1033500	protein_coding	+	info689	info689
Gene690	1	1034000	1035000	non_coding	-	info690	info690
Gene691	1	1035500	1036500	protein_coding	+	info691	info691
Gene692	1	1037000	1038000	non_coding	-	info692	info692
Gene693	1	1038500	1039500	protein_coding	+	info693	info693
Gene694	1	1040000	1041000	non_coding	-	info694	info694
Gene695	1	1041500	1042500	protein_coding	+	info695	info695
Gene696	1	1043000	1044000	non_coding	-	info696	info696
Gene697	1	1044500	1045500	protein_coding	+	info697	info697
Gene698	1	1046000	1047000	non_coding	-	info698	info698
Gene699	1	1047500	1048500	protein_coding	+	info699	info699
Gene700	1	1049000	1050000	non_coding	-	info700	info700
Gene701	1	1050500	1051500	protein_coding	+	info701	info701
Gene702	1	1052000	1053000	non_coding	-	info702	info702
Gene703	1	1053500	1054500	protein_coding	+	info703	info703
Gene704	1	1055000	1056000	non_coding	-	info704	info704
Gene705	1	1056500	1057500	protein_coding	+	info705	info705
Gene706	1	1058000	1059000	non_coding	-	info706	info706
Gene707	1	1059500	1060500	protein_coding	+	info707	info707
Gene708	1	1061000	1062000	non_coding	-	info708	info708
Gene709	1	1062500	1063500	protein_coding	+	info709	info709
Gene710	1	1064000	1065000	non_coding	-	info710	info710
Gene711	1	1065500	1066500	protein_coding	+	info711	info711
Gene712	1	1067000	1068000	non_coding	-	info712	info712
Gene713	1	1068500	1069500	protein_coding	+	info713	info713
Gene714	1	1070000	1071000	non_coding	-	info714	info714
Gene715	1	1071500	1072500	protein_coding	+	info715	info715
Gene716	1	1073000	1074000	non_coding	-	info716	info716
Gene717	1	1074500	1075500	protein_coding	+	info717	info717
Gene718	1	1076000	1077000	non_coding	-	info718	info718
Gene719	1	1077500	1078500	protein_coding	+	info719	info719
Gene720	1	1079000	1080000	non_coding	-	info720	info720
Gene721	1	1080500	1081500	protein_coding	+	info721	info721
Gene722	1	1082000	1083000	non_coding	-	info722	info722
Gene723	1	1083500	1084500	protein_coding	+	info723	info723
Gene724	1	1085000	1086000	non_coding	-	info724	info724
Gene725	1	1086500	1087500	protein_coding	+	info725	info725
Gene726	1	1088000	1089000	non_coding	-	info726	info726
Gene727	1	1089500	1090500	protein_coding	+	info727	info727
Gene728	1	1091000	1092000	non_coding	-	info728	info728
Gene729	1	1092500	1093500	protein_coding	+	info729	info729
Gene730	1	1094000	1095000	non_coding	-	info730	info730
Gene731	1	1095500	1096500	protein_coding	+	info731	info731
Gene732	1	1097000	1098000	non_coding	-	info732	info732
Gene733	1	1098500	1099500	protein_coding	+	info733	info733
Gene734	1	1100000	1101000	non_coding	-	info734	info734
Gene735	1	1101500	1102500	protein_coding	+	info735	info735
Gene736	1	1103000	1104000	non_coding	-	info736	info736
Gene737	1	1104500	1105500	protein_coding	+	info737	info737
Gene738	1	1106000	1107000	non_coding	-	info738	info738
Gene739	1	1107500	1108500	protein_coding	+	info739	info739
Gene740	1	1109000	1110000	non_coding	-	info740	info740
Gene741	1	1110500	1111500	protein_coding	+	info741	info741
Gene742	1	1112000	1113000	non_coding	-	info742	info742
Gene743	1	1113500	1114500	protein_coding	+	info743	info743
Gene744	1	1115000	1116000	non_coding	-	info744	info744
Gene745	1	1116500	1117500	protein_coding	+	info745	info745
Gene746	1	1118000	1119000	non_coding	-	info746	info746
Gene747	1	1119500	1120500	protein_coding	+	info747	info747
Gene748	1	1121000	1122000	non_coding	-	info748	info748
Gene749	1	1122500	1123500	protein_coding	+	info749	info749
Gene750	1	1124000	1125000	non_coding	-	info750	info750
Gene751	1	1125500	1126500	protein_coding	+	info751	info751
Gene752	1	1127000	1128000	non_coding	-	info752	info752
Gene753	1	1128500	1129500	protein_coding	+	info753	info753
Gene754	1	1130000	1131000	non_coding	-	info754	info754
Gene755	1	1131500	1132500	protein_coding	+	info755	info755
Gene756	1	1133000	1134000	non_coding	-	info756	info756
Gene757	1	1134500	1135500	protein_coding	+	info757	info757
Gene758	1	1136000	1137000	non_coding	-	info758	info758
Gene759	1	1137500	1138500	protein_coding	+	info759	info759
Gene760	1	1139000	1140000	non_coding	-	info760	info760
Gene761	1	1140500	1141500	protein_coding	+	info761	info761
Gene762	1	1142000	1143000	non_coding	-	info762	info762
Gene763	1	1143500	1144500	protein_coding	+	info763	info763
Gene764	1	1145000	1146000	non_coding	-	info764	info764
Gene765	1	1146500	1147500	protein_coding	+	info765	info765
Gene766	1	1148000	1149000	non_coding	-	info766	info766
Gene767	1	1149500	1150500	protein_coding	+	info767	info767
Gene768	1	1151000	1152000	non_coding	-	info768	info768
Gene769	1	1152500	1153500	protein_coding	+	info769	info769
Gene770	1	1154000	1155000	non_coding	-	info770	info770
Gene771	1	1155500	1156500	protein_coding	+	info771	info771
Gene772	1	1157000	1158000	non_coding	-	info772	info772
Gene773	1	1158500	1159500	protein_coding	+	info773	info773
Gene774	1	1160000	1161000	non_coding	-	info774	info774
Gene775	1	1161500	1162500	protein_coding	+	info775	info775
Gene776	1	1163000	1164000	non_coding	-	info776	info776
Gene777	1	1164500	1165500	protein_coding	+	info777	info777
Gene778	1	1166000	1167000	non_coding	-	info778	info778
Gene779	1	1167500	1168500	protein_coding	+	info779	info779
Gene780	1	1169000	1170000	non_coding	-	info780	info780
Gene781	1	1170500	1171500	protein_coding	+	info781	info781
Gene782	1	1172000	1173000	non_coding	-	info782	info782
Gene783	1	1173500	1174500	protein_coding	+	info783	info783
Gene784	1	1175000	1176000	non_coding	-	info784	info784
Gene785	1	1176500	1177500	protein_coding	+	info785	info785
Gene786	1	1178000	1179000	non_coding	-	info786	info786
Gene787	1	1179500	1180500	protein_coding	+	info787	info787
Gene788	1	1181000	1182000	non_coding	-	info788	info788
Gene789	1	1182500	1183500	protein_coding	+	info789	info789
Gene790	1	1184000	1185000	non_coding	-	info790	info790
Gene791	1	1185500	1186500	protein_coding	+	info791	info791
Gene792	1	1187000	1188000	non_coding	-	info792	info792
Gene793	1	1188500	1189500	protein_coding	+	info793	info793
Gene794	1	1190000	1191000	non_coding	-	info794	info794
Gene795	1	1191500	1192500	protein_coding	+	info795	info795
Gene796	1	1193000	1194000	non_coding	-	info796	info796
Gene797	1	1194500	1195500	protein_coding	+	info797	info797
Gene798	1	1196000	1197000	non_coding	-	info798	info798
Gene799	1	1197500	1198500	protein_coding	+	info799	info799
Gene800	1	1199000	1200000	non_coding	-	info800	info800
Gene801	1	1200500	1201500	protein_coding	+	info801	info801
Gene802	1	1202000	1203000	non_coding	-	info802	info802
Gene803	1	1203500	1204500	protein_coding	+	info803	info803
Gene804	1	1205000	1206000	non_coding	-	info804	info804
Gene805	1	1206500	1207500	protein_coding	+	info805	info805
Gene806	1	1208000	1209000	non_coding	-	info806	info806
Gene807	1	1209500	1210500	protein_coding	+	info807	info807
Gene808	1	1211000	1212000	non_coding	-	info808	info808
Gene809	1	1212500	1213500	protein_coding	+	info809	info809
Gene810	1	1214000	1215000	non_coding	-	info810	info810
Gene811	1	1215500	1216500	protein_coding	+	info811	info811
Gene812	1	1217000	1218000	non_coding	-	info812	info812
Gene813	1	1218500	1219500	protein_coding	+	info813	info813
Gene814	1	1220000	1221000	non_coding	-	info814	info814
Gene815	1	1221500	1222500	protein_coding	+	info815	info815
Gene816	1	1223000	1224000	non_coding	-	info816	info816
Gene817	1	1224500	1225500	protein_coding	+	info817	info817
Gene818	1	1226000	1227000	non_coding	-	info818	info818
Gene819	1	1227500	1228500	protein_coding	+	info819	info819
Gene820	1	1229000	1230000	non_coding	-	info820	info820
Gene821	1	1230500	1231500	protein_coding	+	info821	info821
Gene822	1	1232000	1233000	non_coding	-	info822	info822
Gene823	1	1233500	1234500	protein_coding	+	info823	info823
Gene824	1	1235000	1236000	non_coding	-	info824	info824
Gene825	1	1236500	1237500	protein_coding	+	info825	info825
Gene826	1	1238000	1239000	non_coding	-	info826	info826
Gene827	1	1239500	1240500	protein_coding	+	info827	info827
Gene828	1	1241000	1242000	non_coding	-	info828	info828
Gene829	1	1242500	1243500	protein_coding	+	info829	info829
Gene830	1	1244000	1245000	non_coding	-	info830	info830
Gene831	1	1245500	1246500	protein_coding	+	info831	info831
Gene832	1	1247000	1248000	non_coding	-	info832	info832
Gene833	1	1248500	1249500	protein_coding	+	info833	info833
Gene834	1	1250000	1251000	non_coding	-	info834	info834
Gene835	1	1251500	1252500	protein_coding	+	info835	info835
Gene836	1	1253000	1254000	non_coding	-	info836	info836
Gene837	1	1254500	1255500	protein_coding	+	info837	info837
Gene838	1	1256000	1257000	non_coding	-	info838	info838
Gene839	1	1257500	1258500	protein_coding	+	info839	info839
Gene840	1	1259000	1260000	non_coding	-	info840	info840
Gene841	1	1260500	1261500	protein_coding	+	info841	info841
Gene842	1	1262000	1263000	non_coding	-	info842	info842
Gene843	1	1263500	1264500	protein_coding	+	info843	info843
Gene844	1	1265000	1266000	non_coding	-	info844	info844
Gene845	1	1266500	1267500	protein_coding	+	info845	info845
Gene846	1	1268000	1269000	non_coding	-	info846	info846
Gene847	1	1269500	1270500	protein_coding	+	info847	info847
Gene848	1	1271000	1272000	non_coding	-	info848	info848
Gene849	1	1272500	1273500	protein_coding	+	info849	info849
Gene850	1	1274000	1275000	non_coding	-	info850	info850
Gene851	1	1275500	1276500	protein_coding	+	info851	info851
Gene852	1	1277000	1278000	non_coding	-	info852	info852
Gene853	1	1278500	1279500	protein_coding	+	info853	info853
Gene854	1	1280000	1281000	non_coding	-	info854	info854
Gene855	1	1281500	1282500	protein_coding	+	info855	info855
Gene856	1	1283000	1284000	non_coding	-	info856	info856
Gene857	1	1284500	1285500	protein_coding	+	info857	info857
Gene858	1	1286000	1287000	non_coding	-	info858	info858
Gene859	1	1287500	1288500	protein_coding	+	info859	info859
Gene860	1	1289000	1290000	non_coding	-	info860	info860
Gene861	1	1290500	1291500	protein_coding	+	info861	info861
Gene862	1	1292000	1293000	non_coding	-	info862	info862
Gene863	1	1293500	1294500	protein_coding	+	info863	info863
Gene864	1	1295000	1296000	non_coding	-	info864	info864
Gene865	1	1296500	1297500	protein_coding	+	info865	info865
Gene866	1	1298000	1299000	non_coding	-	info866	info866
Gene867	1	1299500	1300500	protein_coding	+	info867	info867
Gene868	1	1301000	1302000	non_coding	-	info868	info868
Gene869	1	1302500	1303500	protein_coding	+	info869	info869
Gene870	1	1304000	1305000	non_coding	-	info870	info870
Gene871	1	1305500	1306500	protein_coding	+	info871	info871
Gene872	1	1307000	1308000	non_coding	-	info872	info872
Gene873	1	1308500	1309500	protein_coding	+	info873	info873
Gene874	1	1310000	1311000	non_coding	-	info874	info874
Gene875	1	1311500	1312500	protein_coding	+	info875	info875
Gene876	1	1313000	1314000	non_coding	-	info876	info876
Gene877	1	1314500	1315500	protein_coding	+	info877	info877
Gene878	1	1316000	1317000	non_coding	-	info878	info878
Gene879	1	1317500	1318500	protein_coding	+	info879	info879
Gene880	1	1319000	1320000	non_coding	-	info880	info880
Gene881	1	1320500	1321500	protein_coding	+	info881	info881
Gene882	1	1322000	1323000	non_coding	-	info882	info882
Gene883	1	1323500	1324500	protein_coding	+	info883	info883
Gene884	1	1325000	1326000	non_coding	-	info884	info884
Gene885	1	1326500	1327500	protein_coding	+	info885	info885
Gene886	1	1328000	1329000	non_coding	-	info886	info886
Gene887	1	1329500	1330500	protein_coding	+	info887	info887
Gene888	1	1331000	1332000	non_coding	-	info888	info888
Gene889	1	1332500	1333500	protein_coding	+	info889	info889
Gene890	1	1334000	1335000	non_coding	-	info890	info890
Gene891	1	1335500	1336500	protein_coding	+	info891	info891
Gene892	1	1337000	1338000	non_coding	-	info892	info892
Gene893	1	1338500	1339500	protein_coding	+	info893	info893
Gene894	1	1340000	1341000	non_coding	-	info894	info894
Gene895	1	1341500	1342500	protein_coding	+	info895	info895
Gene896	1	1343000	1344000	non_coding	-	info896	info896
Gene897	1	1344500	1345500	protein_coding	+	info897	info897
Gene898	1	1346000	1347000	non_coding	-	info898	info898
Gene899	1	1347500	1348500	protein_coding	+	info899	info899
Gene900	1	1349000	1350000	non_coding	-	info900	info900
Gene901	1	1350500	1351500	protein_coding	+	info901	info901
Gene902	1	1352000	1353000	non_coding	-	info902	info902
Gene903	1	1353500	1354500	protein_coding	+	info903	info903
Gene904	1	1355000	1356000	non_coding	-	info904	info904
Gene905	1	1356500	1357500	protein_coding	+	info905	info905
Gene906	1	1358000	1359000	non_coding	-	info906	info906
Gene907	1	1359500	1360500	protein_coding	+	info907	info907
Gene908	1	1361000	1362000	non_coding	-	info908	info908
Gene909	1	1362500	1363500	protein_coding	+	info909	info909
Gene910	1	1364000	1365000	non_coding	-	info910	info910
Gene911	1	1365500	1366500	protein_coding	+	info911	info911
Gene912	1	1367000	1368000	non_coding	-	info912	info912
Gene913	1	1368500	1369500	protein_coding	+	info913	info913
Gene914	1	1370000	1371000	non_coding	-	info914	info914
Gene915	1	1371500	1372500	protein_coding	+	info915	info915
Gene916	1	1373000	1374000	non_coding	-	info916	info916
Gene917	1	1374500	1375500	protein_coding	+	info917	info917
Gene918	1	1376000	1377000	non_coding	-	info918	info918
Gene919	1	1377500	1378500	protein_coding	+	info919	info919
Gene920	1	1379000	1380000	non_coding	-	info920	info920
Gene921	1	1380500	1381500	protein_coding	+	info921	info921
Gene922	1	1382000	1383000	non_coding	-	info922	info922
Gene923	1	1383500	1384500	protein_coding	+	info923	info923
Gene924	1	1385000	1386000	non_coding	-	info924	info924
Gene925	1	1386500	1387500	protein_coding	+	info925	info925
Gene926	1	1388000	1389000	non_coding	-	info926	info926
Gene927	1	1389500	1390500	protein_coding	+	info927	info927
Gene928	1	1391000	1392000	non_coding	-	info928	info928
Gene929	1	1392500	1393500	protein_coding	+	info929	info929
Gene930	1	1394000	1395000	non_coding	-	info930	info930
Gene931	1	1395500	1396500	protein_coding	+	info931	info931
Gene932	1	1397000	1398000	non_coding	-	info932	info932
Gene933	1	1398500	1399500	protein_coding	+	info933	info933
Gene934	1	1400000	1401000	non_coding	-	info934	info934
Gene935	1	1401500	1402500	protein_coding	+	info935	info935
Gene936	1	1403000	1404000	non_coding	-	info936	info936
Gene937	1	1404500	1405500	protein_coding	+	info937	info937
Gene938	1	1406000	1407000	non_coding	-	info938	info938
Gene939	1	1407500	1408500	protein_coding	+	info939	info939
Gene940	1	1409000	1410000	non_coding	-	info940	info940
Gene941	1	1410500	1411500	protein_coding	+	info941	info941
Gene942	1	1412000	1413000	non_coding	-	info942	info942
Gene943	1	1413500	1414500	protein_coding	+	info943	info943
Gene944	1	1415000	1416000	non_coding	-	info944	info944
Gene945	1	1416500	1417500	protein_coding	+	info945	info945
Gene946	1	1418000	1419000	non_coding	-	info946	info946
Gene947	1	1419500	1420500	protein_coding	+	info947	info947
Gene948	1	1421000	1422000	non_coding	-	info948	info948
Gene949	1	1422500	1423500	protein_coding	+	info949	info949
Gene950	1	1424000	1425000	non_coding	-	info950	info950
Gene951	1	1425500	1426500	protein_coding	+	info951	info951
Gene952	1	1427000	1428000	non_coding	-	info952	info952
Gene953	1	1428500	1429500	protein_coding	+	info953	info953
Gene954	1	1430000	1431000	non_coding	-	info954	info954
Gene955	1	1431500	1432500	protein_coding	+	info955	info955
Gene956	1	1433000	1434000	non_coding	-	info956	info956
Gene957	1	1434500	1435500	protein_coding	+	info957	info957
Gene958	1	1436000	1437000	non_coding	-	info958	info958
Gene959	1	1437500	1438500	protein_coding	+	info959	info959
Gene960	1	1439000	1440000	non_coding	-	info960	info960
Gene961	1	1440500	1441500	protein_coding	+	info961	info961
Gene962	1	1442000	1443000	non_coding	-	info962	info962
Gene963	1	1443500	1444500	protein_coding	+	info963	info963
Gene964	1	1445000	1446000	non_coding	-	info964	info964
Gene965	1	1446500	1447500	protein_coding	+	info965	info965
Gene966	1	1448000	1449000	non_coding	-	info966	info966
Gene967	1	1449500	1450500	protein_coding	+	info967	info967
Gene968	1	1451000	1452000	non_coding	-	info968	info968
Gene969	1	1452500	1453500	protein_coding	+	info969	info969
Gene970	1	1454000	1455000	non_coding	-	info970	info970
Gene971	1	1455500	1456500	protein_coding	+	info971	info971
Gene972	1	1457000	1458000	non_coding	-	info972	info972
Gene973	1	1458500	1459500	protein_coding	+	info973	info973
Gene974	1	1460000	1461000	non_coding	-	info974	info974
Gene975	1	1461500	1462500	protein_coding	+	info975	info975
Gene976	1	1463000	1464000	non_coding	-	info976	info976
Gene977	1	1464500	1465500	protein_coding	+	info977	info977
Gene978	1	1466000	1467000	non_coding	-	info978	info978
Gene979	1	1467500	1468500	protein_coding	+	info979	info979
Gene980	1	1469000	1470000	non_coding	-	info980	info980
Gene981	1	1470500	1471500	protein_coding	+	info981	info981
Gene982	1	1472000	1473000	non_coding	-	info982	info982
Gene983	1	1473500	1474500	protein_coding	+	info983	info983
Gene984	1	1475000	1476000	non_coding	-	info984	info984
Gene985	1	1476500	1477500	protein_coding	+	info985	info985
Gene986	1	1478000	1479000	non_coding	-	info986	info986
Gene987	1	1479500	1480500	protein_coding	+	info987	info987
Gene988	1	1481000	1482000	non_coding	-	info988	info988
Gene989	1	1482500	1483500	protein_coding	+	info989	info989
Gene990	1	1484000	1485000	non_coding	-	info990	info990
Gene991	1	1485500	1486500	protein_coding	+	info991	info991
Gene992	1	1487000	1488000	non_coding	-	info992	info992
Gene993	1	1488500	1489500	protein_coding	+	info993	info993
Gene994	1	1490000	1491000	non_coding	-	info994	info994
Gene995	1	1491500	1492500	protein_coding	+	info995	info995
Gene996	1	1493000	1494000	non_coding	-	info996	info996
Gene997	1	1494500	1495500	protein_coding	+	info997	info997
Gene998	1	1496000	1497000	non_coding	-	info998	info998
Gene999	1	1497500	1498500	protein_coding	+	info999	info999
Gene1000	1	1499000	1500000	non_coding	-	info1000	info1000
Gene1001	1	1500500	1501500	protein_coding	+	info1001	info1001
Gene1002	1	1502000	1503000	non_coding	-	info1002	info1002
Gene1003	1	1503500	1504500	protein_coding	+	info1003	info1003
Gene1004	1	1505000	1506000	non_coding	-	info1004	info1004
Gene1005	1	1506500	1507500	protein_coding	+	info1005	info1005
Gene1006	1	1508000	1509000	non_coding	-	info1006	info1006
Gene1007	1	1509500	1510500	protein_coding	+	info1007	info1007
Gene1008	1	1511000	1512000	non_coding	-	info1008	info1008
Gene1009	1	1512500	1513500	protein_coding	+	info1009	info1009
Gene1010	1	1514000	1515000	non_coding	-	info1010	info1010
Gene1011	1	1515500	1516500	protein_coding	+	info1011	info1011
Gene1012	1	1517000	1518000	non_coding	-	info1012	info1012
Gene1013	1	1518500	1519500	protein_coding	+	info1013	info1013
Gene1014	1	1520000	1521000	non_coding	-	info1014	info1014
Gene1015	1	1521500	1522500	protein_coding	+	info1015	info1015
Gene1016	1	1523000	1524000	non_coding	-	info1016	info1016
Gene1017	1	1524500	1525500	protein_coding	+	info1017	info1017
Gene1018	1	1526000	1527000	non_coding	-	info1018	info1018
Gene1019	1	1527500	1528500	protein_coding	+	info1019	info1019
Gene1020	1	1529000	1530000	non_coding	-	info1020	info1020
Gene1021	1	1530500	1531500	protein_coding	+	info1021	info1021
Gene1022	1	1532000	1533000	non_coding	-	info1022	info1022
Gene1023	1	1533500	1534500	protein_coding	+	info1023	info1023
Gene1024	1	1535000	1536000	non_coding	-	info1024	info1024
Gene1025	1	1536500	1537500	protein_coding	+	info1025	info1025
Gene1026	1	1538000	1539000	non_coding	-	info1026	info1026
Gene1027	1	1539500	1540500	protein_coding	+	info1027	info1027
Gene1028	1	1541000	1542000	non_coding	-	info1028	info1028
Gene1029	1	1542500	1543500	protein_coding	+	info1029	info1029
Gene1030	1	1544000	1545000	non_coding	-	info1030	info1030
Gene1031	1	1545500	1546500	protein_coding	+	info1031	info1031
Gene1032	1	1547000	1548000	non_coding	-	info1032	info1032
Gene1033	1	1548500	1549500	protein_coding	+	info1033	info1033
Gene1034	1	1550000	1551000	non_coding	-	info1034	info1034
Gene1035	1	1551500	1552500	protein_coding	+	info1035	info1035
Gene1036	1	1553000	1554000	non_coding	-	info1036	info1036
Gene1037	1	1554500	1555500	protein_coding	+	info1037	info1037
Gene1038	1	1556000	1557000	non_coding	-	info1038	info1038
Gene1039	1	1557500	1558500	protein_coding	+	info1039	info1039
Gene1040	1	1559000	1560000	non_coding	-	info1040	info1040
Gene1041	1	1560500	1561500	protein_coding	+	info1041	info1041
Gene1042	1	1562000	1563000	non_coding	-	info1042	info1042
Gene1043	1	1563500	1564500	protein_coding	+	info1043	info1043
Gene1044	1	1565000	1566000	non_coding	-	info1044	info1044
Gene1045	1	1566500	1567500	protein_coding	+	info1045	info1045
Gene1046	1	1568000	1569000	non_coding	-	info1046	info1046
Gene1047	1	1569500	1570500	protein_coding	+	info1047	info1047
Gene1048	1	1571000	1572000	non_coding	-	info1048	info1048
Gene1049	1	1572500	1573500	protein_coding	+	info1049	info1049
Gene1050	1	1574000	1575000	non_coding	-	info1050	info1050
Gene1051	1	1575500	1576500	protein_coding	+	info1051	info1051
Gene1052	1	1577000	1578000	non_coding	-	info1052	info1052
Gene1053	1	1578500	1579500	protein_coding	+	info1053	info1053
Gene1054	1	1580000	1581000	non_coding	-	info1054	info1054
Gene1055	1	1581500	1582500	protein_coding	+	info1055	info1055
Gene1056	1	1583000	1584000	non_coding	-	info1056	info1056
Gene1057	1	1584500	1585500	protein_coding	+	info1057	info1057
Gene1058	1	1586000	1587000	non_coding	-	info1058	info1058
Gene1059	1	1587500	1588500	protein_coding	+	info1059	info1059
Gene1060	1	1589000	1590000	non_coding	-	info1060	info1060
Gene1061	1	1590500	1591500	protein_coding	+	info1061	info1061
Gene1062	1	1592000	1593000	non_coding	-	info1062	info1062
Gene1063	1	1593500	1594500	protein_coding	+	info1063	info1063
Gene1064	1	1595000	1596000	non_coding	-	info1064	info1064
Gene1065	1	1596500	1597500	protein_coding	+	info1065	info1065
Gene1066	1	1598000	1599000	non_coding	-	info1066	info1066
Gene1067	1	1599500	1600500	protein_coding	+	info1067	info1067
Gene1068	1	1601000	1602000	non_coding	-	info1068	info1068
Gene1069	1	1602500	1603500	protein_coding	+	info1069	info1069
Gene1070	1	1604000	1605000	non_coding	-	info1070	info1070
Gene1071	1	1605500	1606500	protein_coding	+	info1071	info1071
Gene1072	1	1607000	1608000	non_coding	-	info1072	info1072
Gene1073	1	1608500	1609500	protein_coding	+	info1073	info1073
Gene1074	1	1610000	1611000	non_coding	-	info1074	info1074
Gene1075	1	1611500	1612500	protein_coding	+	info1075	info1075
Gene1076	1	1613000	1614000	non_coding	-	info1076	info1076
Gene1077	1	1614500	1615500	protein_coding	+	info1077	info1077
Gene1078	1	1616000	1617000	non_coding	-	info1078	info1078
Gene1079	1	1617500	1618500	protein_coding	+	info1079	info1079
Gene1080	1	1619000	1620000	non_coding	-	info1080	info1080
Gene1081	1	1620500	1621500	protein_coding	+	info1081	info1081
Gene1082	1	1622000	1623000	non_coding	-	info1082	info1082
Gene1083	1	1623500	1624500	protein_coding	+	info1083	info1083
Gene1084	1	1625000	1626000	non_coding	-	info1084	info1084
Gene1085	1	1626500	1627500	protein_coding	+	info1085	info1085
Gene1086	1	1628000	1629000	non_coding	-	info1086	info1086
Gene1087	1	1629500	1630500	protein_coding	+	info1087	info1087
Gene1088	1	1631000	1632000	non_coding	-	info1088	info1088
Gene1089	1	1632500	1633500	protein_coding	+	info1089	info1089
Gene1090	1	1634000	1635000	non_coding	-	info1090	info1090
Gene1091	1	1635500	1636500	protein_coding	+	info1091	info1091
Gene1092	1	1637000	1638000	non_coding	-	info1092	info1092
Gene1093	1	1638500	1639500	protein_coding	+	info1093	info1093
Gene1094	1	1640000	1641000	non_coding	-	info1094	info1094
Gene1095	1	1641500	1642500	protein_coding	+	info1095	info1095
Gene1096	1	1643000	1644000	non_coding	-	info1096	info1096
Gene1097	1	1644500	1645500	protein_coding	+	info1097	info1097
Gene1098	1	1646000	1647000	non_coding	-	info1098	info1098
Gene1099	1	1647500	1648500	protein_coding	+	info1099	info1099
Gene1100	1	1649000	1650000	non_coding	-	info1100	info1100
Gene1101	1	1650500	1651500	protein_coding	+	info1101	info1101
Gene1102	1	1652000	1653000	non_coding	-	info1102	info1102
Gene1103	1	1653500	1654500	protein_coding	+	info1103	info1103
Gene1104	1	1655000	1656000	non_coding	-	info1104	info1104
Gene1105	1	1656500	1657500	protein_coding	+	info1105	info1105
Gene1106	1	1658000	1659000	non_coding	-	info1106	info1106
Gene1107	1	1659500	1660500	protein_coding	+	info1107	info1107
Gene1108	1	1661000	1662000	non_coding	-	info1108	info1108
Gene1109	1	1662500	1663500	protein_coding	+	info1109	info1109
Gene1110	1	1664000	1665000	non_coding	-	info1110	info1110
Gene1111	1	1665500	1666500	protein_coding	+	info1111	info1111
Gene1112	1	1667000	1668000	non_coding	-	info1112	info1112
Gene1113	1	1668500	1669500	protein_coding	+	info1113	info1113
Gene1114	1	1670000	1671000	non_coding	-	info1114	info1114
Gene1115	1	1671500	1672500	protein_coding	+	info1115	info1115
Gene1116	1	1673000	1674000	non_coding	-	info1116	info1116
Gene1117	1	1674500	1675500	protein_coding	+	info1117	info1117
Gene1118	1	1676000	1677000	non_coding	-	info1118	info1118
Gene1119	1	1677500	1678500	protein_coding	+	info1119	info1119
Gene1120	1	1679000	1680000	non_coding	-	info1120	info1120
Gene1121	1	1680500	1681500	protein_coding	+	info1121	info1121
Gene1122	1	1682000	1683000	non_coding	-	info1122	info1122
Gene1123	1	1683500	1684500	protein_coding	+	info1123	info1123
Gene1124	1	1685000	1686000	non_coding	-	info1124	info1124
Gene1125	1	1686500	1687500	protein_coding	+	info1125	info1125
Gene1126	1	1688000	1689000	non_coding	-	info1126	info1126
Gene1127	1	1689500	1690500	protein_coding	+	info1127	info1127
Gene1128	1	1691000	1692000	non_coding	-	info1128	info1128
Gene1129	1	1692500	1693500	protein_coding	+	info1129	info1129
Gene1130	1	1694000	1695000	non_coding	-	info1130	info1130
Gene1131	1	1695500	1696500	protein_coding	+	info1131	info1131
Gene1132	1	1697000	1698000	non_coding	-	info1132	info1132
Gene1133	1	1698500	1699500	protein_coding	+	info1133	info1133
Gene1134	1	1700000	1701000	non_coding	-	info1134	info1134
Gene1135	1	1701500	1702500	protein_coding	+	info1135	info1135
Gene1136	1	1703000	1704000	non_coding	-	info1136	info1136
Gene1137	1	1704500	1705500	protein_coding	+	info1137	info1137
Gene1138	1	1706000	1707000	non_coding	-	info1138	info1138
Gene1139	1	1707500	1708500	protein_coding	+	info1139	info1139
Gene1140	1	1709000	1710000	non_coding	-	info1140	info1140
Gene1141	1	1710500	1711500	protein_coding	+	info1141	info1141
Gene1142	1	1712000	1713000	non_coding	-	info1142	info1142
Gene1143	1	1713500	1714500	protein_coding	+	info1143	info1143
Gene1144	1	1715000	1716000	non_coding	-	info1144	info1144
Gene1145	1	1716500	1717500	protein_coding	+	info1145	info1145
Gene1146	1	1718000	1719000	non_coding	-	info1146	info1146
Gene1147	1	1719500	1720500	protein_coding	+	info1147	info1147
Gene1148	1	1721000	1722000	non_coding	-	info1148	info1148
Gene1149	1	1722500	1723500	protein_coding	+	info1149	info1149
Gene1150	1	1724000	1725000	non_coding	-	info1150	info1150
Gene1151	1	1725500	1726500	protein_coding	+	info1151	info1151
Gene1152	1	1727000	1728000	non_coding	-	info1152	info1152
Gene1153	1	1728500	1729500	protein_coding	+	info1153	info1153
Gene1154	1	1730000	1731000	non_coding	-	info1154	info1154
Gene1155	1	1731500	1732500	protein_coding	+	info1155	info1155
Gene1156	1	1733000	1734000	non_coding	-	info1156	info1156
Gene1157	1	1734500	1735500	protein_coding	+	info1157	info1157
Gene1158	1	1736000	1737000	non_coding	-	info1158	info1158
Gene1159	1	1737500	1738500	protein_coding	+	info1159	info1159
Gene1160	1	1739000	1740000	non_coding	-	info1160	info1160
Gene1161	1	1740500	1741500	protein_coding	+	info1161	info1161
Gene1162	1	1742000	1743000	non_coding	-	info1162	info1162
Gene1163	1	1743500	1744500	protein_coding	+	info1163	info1163
Gene1164	1	1745000	1746000	non_coding	-	info1164	info1164
Gene1165	1	1746500	1747500	protein_coding	+	info1165	info1165
Gene1166	1	1748000	1749000	non_coding	-	info1166	info1166
Gene1167	1	1749500	1750500	protein_coding	+	info1167	info1167
Gene1168	1	1751000	1752000	non_coding	-	info1168	info1168
Gene1169	1	1752500	1753500	protein_coding	+	info1169	info1169
Gene1170	1	1754000	1755000	non_coding	-	info1170	info1170
Gene1171	1	1755500	1756500	protein_coding	+	info1171	info1171
Gene1172	1	1757000	1758000	non_coding	-	info1172	info1172
Gene1173	1	1758500	1759500	protein_coding	+	info1173	info1173
Gene1174	1	1760000	1761000	non_coding	-	info1174	info1174
Gene1175	1	1761500	1762500	protein_coding	+	info1175	info1175
Gene1176	1	1763000	1764000	non_coding	-	info1176	info1176
Gene1177	1	1764500	1765500	protein_coding	+	info1177	info1177
Gene1178	1	1766000	1767000	non_coding	-	info1178	info1178
Gene1179	1	1767500	1768500	protein_coding	+	info1179	info1179
Gene1180	1	1769000	1770000	non_coding	-	info1180	info1180
Gene1181	1	1770500	1771500	protein_coding	+	info1181	info1181
Gene1182	1	1772000	1773000	non_coding	-	info1182	info1182
Gene1183	1	1773500	1774500	protein_coding	+	info1183	info1183
Gene1184	1	1775000	1776000	non_coding	-	info1184	info1184
Gene1185	1	1776500	1777500	protein_coding	+	info1185	info1185
Gene1186	1	1778000	1779000	non_coding	-	info1186	info1186
Gene1187	1	1779500	1780500	protein_coding	+	info1187	info1187
Gene1188	1	1781000	1782000	non_coding	-	info1188	info1188
Gene1189	1	1782500	1783500	protein_coding	+	info1189	info1189
Gene1190	1	1784000	1785000	non_coding	-	info1190	info1190
Gene1191	1	1785500	1786500	protein_coding	+	info1191	info1191
Gene1192	1	1787000	1788000	non_coding	-	info1192	info1192
Gene1193	1	1788500	1789500	protein_coding	+	info1193	info1193
Gene1194	1	1790000	1791000	non_coding	-	info1194	info1194
Gene1195	1	1791500	1792500	protein_coding	+	info1195	info1195
Gene1196	1	1793000	1794000	non_coding	-	info1196	info1196
Gene1197	1	1794500	1795500	protein_coding	+	info1197	info1197
Gene1198	1	1796000	1797000	non_coding	-	info1198	info1198
Gene1199	1	1797500	1798500	protein_coding	+	info1199	info1199
Gene1200	1	1799000	1800000	non_coding	-	info1200	info1200
Gene1201	1	1800500	1801500	protein_coding	+	info1201	info1201
Gene1202	1	1802000	1803000	non_coding	-	info1202	info1202
Gene1203	1	1803500	1804500	protein_coding	+	info1203	info1203
Gene1204	1	1805000	1806000	non_coding	-	info1204	info1204
Gene1205	1	1806500	1807500	protein_coding	+	info1205	info1205
Gene1206	1	1808000	1809000	non_coding	-	info1206	info1206
Gene1207	1	1809500	1810500	protein_coding	+	info1207	info1207
Gene1208	1	1811000	1812000	non_coding	-	info1208	info1208
Gene1209	1	1812500	1813500	protein_coding	+	info1209	info1209
Gene1210	1	1814000	1815000	non_coding	-	info1210	info1210
Gene1211	1	1815500	1816500	protein_coding	+	info1211	info1211
Gene1212	1	1817000	1818000	non_coding	-	info1212	info1212
Gene1213	1	1818500	1819500	protein_coding	+	info1213	info1213
Gene1214	1	1820000	1821000	non_coding	-	info1214	info1214
Gene1215	1	1821500	1822500	protein_coding	+	info1215	info1215
Gene1216	1	1823000	1824000	non_coding	-	info1216	info1216
Gene1217	1	1824500	1825500	protein_coding	+	info1217	info1217
Gene1218	1	1826000	1827000	non_coding	-	info1218	info1218
Gene1219	1	1827500	1828500	protein_coding	+	info1219	info1219
Gene1220	1	1829000	1830000	non_coding	-	info1220	info1220
Gene1221	1	1830500	1831500	protein_coding	+	info1221	info1221
Gene1222	1	1832000	1833000	non_coding	-	info1222	info1222
Gene1223	1	1833500	1834500	protein_coding	+	info1223	info1223
Gene1224	1	1835000	1836000	non_coding	-	info1224	info1224
Gene1225	1	1836500	1837500	protein_coding	+	info1225	info1225
Gene1226	1	1838000	1839000	non_coding	-	info1226	info1226
Gene1227	1	1839500	1840500	protein_coding	+	info1227	info1227
Gene1228	1	1841000	1842000	non_coding	-	info1228	info1228
Gene1229	1	1842500	1843500	protein_coding	+	info1229	info1229
Gene1230	1	1844000	1845000	non_coding	-	info1230	info1230
Gene1231	1	1845500	1846500	protein_coding	+	info1231	info1231
Gene1232	1	1847000	1848000	non_coding	-	info1232	info1232
Gene1233	1	1848500	1849500	protein_coding	+	info1233	info1233
Gene1234	1	1850000	1851000	non_coding	-	info1234	info1234
Gene1235	1	1851500	1852500	protein_coding	+	info1235	info1235
Gene1236	1	1853000	1854000	non_coding	-	info1236	info1236
Gene1237	1	1854500	1855500	protein_coding	+	info1237	info1237
Gene1238	1	1856000	1857000	non_coding	-	info1238	info1238
Gene1239	1	1857500	1858500	protein_coding	+	info1239	info1239
Gene1240	1	1859000	1860000	non_coding	-	info1240	info1240
Gene1241	1	1860500	1861500	protein_coding	+	info1241	info1241
Gene1242	1	1862000	1863000	non_coding	-	info1242	info1242
Gene1243	1	1863500	1864500	protein_coding	+	info1243	info1243
Gene1244	1	1865000	1866000	non_coding	-	info1244	info1244
Gene1245	1	1866500	1867500	protein_coding	+	info1245	info1245
Gene1246	1	1868000	1869000	non_coding	-	info1246	info1246
Gene1247	1	1869500	1870500	protein_coding	+	info1247	info1247
Gene1248	1	1871000	1872000	non_coding	-	info1248	info1248
Gene1249	1	1872500	1873500	protein_coding	+	info1249	info1249
Gene1250	1	1874000	1875000	non_coding	-	info1250	info1250
Gene1251	1	1875500	1876500	protein_coding	+	info1251	info1251
Gene1252	1	1877000	1878000	non_coding	-	info1252	info1252
Gene1253	1	1878500	1879500	protein_coding	+	info1253	info1253
Gene1254	1	1880000	1881000	non_coding	-	info1254	info1254
Gene1255	1	1881500	1882500	protein_coding	+	info1255	info1255
Gene1256	1	1883000	1884000	non_coding	-	info1256	info1256
Gene1257	1	1884500	1885500	protein_coding	+	info1257	info1257
Gene1258	1	1886000	1887000	non_coding	-	info1258	info1258
Gene1259	1	1887500	1888500	protein_coding	+	info1259	info1259
Gene1260	1	1889000	1890000	non_coding	-	info1260	info1260
Gene1261	1	1890500	1891500	protein_coding	+	info1261	info1261
Gene1262	1	1892000	1893000	non_coding	-	info1262	info1262
Gene1263	1	1893500	1894500	protein_coding	+	info1263	info1263
Gene1264	1	1895000	1896000	non_coding	-	info1264	info1264
Gene1265	1	1896500	1897500	protein_coding	+	info1265	info1265
Gene1266	1	1898000	1899000	non_coding	-	info1266	info1266
Gene1267	1	1899500	1900500	protein_coding	+	info1267	info1267
Gene1268	1	1901000	1902000	non_coding	-	info1268	info1268
Gene1269	1	1902500	1903500	protein_coding	+	info1269	info1269
Gene1270	1	1904000	1905000	non_coding	-	info1270	info1270
Gene1271	1	1905500	1906500	protein_coding	+	info1271	info1271
Gene1272	1	1907000	1908000	non_coding	-	info1272	info1272
Gene1273	1	1908500	1909500	protein_coding	+	info1273	info1273
Gene1274	1	1910000	1911000	non_coding	-	info1274	info1274
Gene1275	1	1911500	1912500	protein_coding	+	info1275	info1275
Gene1276	1	1913000	1914000	non_coding	-	info1276	info1276
Gene1277	1	1914500	1915500	protein_coding	+	info1277	info1277
Gene1278	1	1916000	1917000	non_coding	-	info1278	info1278
Gene1279	1	1917500	1918500	protein_coding	+	info1279	info1279
Gene1280	1	1919000	1920000	non_coding	-	info1280	info1280
Gene1281	1	1920500	1921500	protein_coding	+	info1281	info1281
Gene1282	1	1922000	1923000	non_coding	-	info1282	info1282
Gene1283	1	1923500	1924500	protein_coding	+	info1283	info1283
Gene1284	1	1925000	1926000	non_coding	-	info1284	info1284
Gene1285	1	1926500	1927500	protein_coding	+	info1285	info1285
Gene1286	1	1928000	1929000	non_coding	-	info1286	info1286
Gene1287	1	1929500	1930500	protein_coding	+	info1287	info1287
Gene1288	1	1931000	1932000	non_coding	-	info1288	info1288
Gene1289	1	1932500	1933500	protein_coding	+	info1289	info1289
Gene1290	1	1934000	1935000	non_coding	-	info1290	info1290
Gene1291	1	1935500	1936500	protein_coding	+	info1291	info1291
Gene1292	1	1937000	1938000	non_coding	-	info1292	info1292
Gene1293	1	1938500	1939500	protein_coding	+	info1293	info1293
Gene1294	1	1940000	1941000	non_coding	-	info1294	info1294
Gene1295	1	1941500	1942500	protein_coding	+	info1295	info1295
Gene1296	1	1943000	1944000	non_coding	-	info1296	info1296
Gene1297	1	1944500	1945500	protein_coding	+	info1297	info1297
Gene1298	1	1946000	1947000	non_coding	-	info1298	info1298
Gene1299	1	1947500	1948500	protein_coding	+	info1299	info1299
Gene1300	1	1949000	1950000	non_coding	-	info1300	info1300
Gene1301	1	1950500	1951500	protein_coding	+	info1301	info1301
Gene1302	1	1952000	1953000	non_coding	-	info1302	info1302
Gene1303	1	1953500	1954500	protein_coding	+	info1303	info1303
Gene1304	1	1955000	1956000	non_coding	-	info1304	info1304
Gene1305	1	1956500	1957500	protein_coding	+	info1305	info1305
Gene1306	1	1958000	1959000	non_coding	-	info1306	info1306
Gene1307	1	1959500	1960500	protein_coding	+	info1307	info1307
Gene1308	1	1961000	1962000	non_coding	-	info1308	info1308
Gene1309	1	1962500	1963500	protein_coding	+	info1309	info1309
Gene1310	1	1964000	1965000	non_coding	-	info1310	info1310
Gene1311	1	1965500	1966500	protein_coding	+	info1311	info1311
Gene1312	1	1967000	1968000	non_coding	-	info1312	info1312
Gene1313	1	1968500	1969500	protein_coding	+	info1313	info1313
Gene1314	1	1970000	1971000	non_coding	-	info1314	info1314
Gene1315	1	1971500	1972500	protein_coding	+	info1315	info1315
Gene1316	1	1973000	1974000	non_coding	-	info1316	info1316
Gene1317	1	1974500	1975500	protein_coding	+	info1317	info1317
Gene1318	1	1976000	1977000	non_coding	-	info1318	info1318
Gene1319	1	1977500	1978500	protein_coding	+	info1319	info1319
Gene1320	1	1979000	1980000	non_coding	-	info1320	info1320
Gene1321	1	1980500	1981500	protein_coding	+	info1321	info1321
Gene1322	1	1982000	1983000	non_coding	-	info1322	info1322
Gene1323	1	1983500	1984500	protein_coding	+	info1323	info1323
Gene1324	1	1985000	1986000	non_coding	-	info1324	info1324
Gene1325	1	1986500	1987500	protein_coding	+	info1325	info1325
Gene1326	1	1988000	1989000	non_coding	-	info1326	info1326
Gene1327	1	1989500	1990500	protein_coding	+	info1327	info1327
Gene1328	1	1991000	1992000	non_coding	-	info1328	info1328
Gene1329	1	1992500	1993500	protein_coding	+	info1329	info1329
Gene1330	1	1994000	1995000	non_coding	-	info1330	info1330
Gene1331	1	1995500	1996500	protein_coding	+	info1331	info1331
Gene1332	1	1997000	1998000	non_coding	-	info1332	info1332
Gene1333	1	1998500	1999500	protein_coding	+	info1333	info1333
Gene1334	1	2000000	2001000	non_coding	-	info1334	info1334
Gene1335	1	2001500	2002500	protein_coding	+	info1335	info1335
Gene1336	1	2003000	2004000	non_coding	-	info1336	info1336
Gene1337	1	2004500	2005500	protein_coding	+	info1337	info1337
Gene1338	1	2006000	2007000	non_coding	-	info1338	info1338
Gene1339	1	2007500	2008500	protein_coding	+	info1339	info1339
Gene1340	1	2009000	2010000	non_coding	-	info1340	info1340
Gene1341	1	2010500	2011500	protein_coding	+	info1341	info1341
Gene1342	1	2012000	2013000	non_coding	-	info1342	info1342
Gene1343	1	2013500	2014500	protein_coding	+	info1343	info1343
Gene1344	1	2015000	2016000	non_coding	-	info1344	info1344
Gene1345	1	2016500	2017500	protein_coding	+	info1345	info1345
Gene1346	1	2018000	2019000	non_coding	-	info1346	info1346
Gene1347	1	2019500	2020500	protein_coding	+	info1347	info1347
Gene1348	1	2021000	2022000	non_coding	-	info1348	info1348
Gene1349	1	2022500	2023500	protein_coding	+	info1349	info1349
Gene1350	1	2024000	2025000	non_coding	-	info1350	info1350
Gene1351	1	2025500	2026500	protein_coding	+	info1351	info1351
Gene1352	1	2027000	2028000	non_coding	-	info1352	info1352
Gene1353	1	2028500	2029500	protein_coding	+	info1353	info1353
Gene1354	1	2030000	2031000	non_coding	-	info1354	info1354
Gene1355	1	2031500	2032500	protein_coding	+	info1355	info1355
Gene1356	1	2033000	2034000	non_coding	-	info1356	info1356
Gene1357	1	2034500	2035500	protein_coding	+	info1357	info1357
Gene1358	1	2036000	2037000	non_coding	-	info1358	info1358
Gene1359	1	2037500	2038500	protein_coding	+	info1359	info1359
Gene1360	1	2039000	2040000	non_coding	-	info1360	info1360
Gene1361	1	2040500	2041500	protein_coding	+	info1361	info1361
Gene1362	1	2042000	2043000	non_coding	-	info1362	info1362
Gene1363	1	2043500	2044500	protein_coding	+	info1363	info1363
Gene1364	1	2045000	2046000	non_coding	-	info1364	info1364
Gene1365	1	2046500	2047500	protein_coding	+	info1365	info1365
Gene1366	1	2048000	2049000	non_coding	-	info1366	info1366
Gene1367	1	2049500	2050500	protein_coding	+	info1367	info1367
Gene1368	1	2051000	2052000	non_coding	-	info1368	info1368
Gene1369	1	2052500	2053500	protein_coding	+	info1369	info1369
Gene1370	1	2054000	2055000	non_coding	-	info1370	info1370
Gene1371	1	2055500	2056500	protein_coding	+	info1371	info1371
Gene1372	1	2057000	2058000	non_coding	-	info1372	info1372
Gene1373	1	2058500	2059500	protein_coding	+	info1373	info1373
Gene1374	1	2060000	2061000	non_coding	-	info1374	info1374
Gene1375	1	2061500	2062500	protein_coding	+	info1375	info1375
Gene1376	1	2063000	2064000	non_coding	-	info1376	info1376
Gene1377	1	2064500	2065500	protein_coding	+	info1377	info1377
Gene1378	1	2066000	2067000	non_coding	-	info1378	info1378
Gene1379	1	2067500	2068500	protein_coding	+	info1379	info1379
Gene1380	1	2069000	2070000	non_coding	-	info1380	info1380
Gene1381	1	2070500	2071500	protein_coding	+	info1381	info1381
Gene1382	1	2072000	2073000	non_coding	-	info1382	info1382
Gene1383	1	2073500	2074500	protein_coding	+	info1383	info1383
Gene1384	1	2075000	2076000	non_coding	-	info1384	info1384
Gene1385	1	2076500	2077500	protein_coding	+	info1385	info1385
Gene1386	1	2078000	2079000	non_coding	-	info1386	info1386
Gene1387	1	2079500	2080500	protein_coding	+	info1387	info1387
Gene1388	1	2081000	2082000	non_coding	-	info1388	info1388
Gene1389	1	2082500	2083500	protein_coding	+	info1389	info1389
Gene1390	1	2084000	2085000	non_coding	-	info1390	info1390
Gene1391	1	2085500	2086500	protein_coding	+	info1391	info1391
Gene1392	1	2087000	2088000	non_coding	-	info1392	info1392
Gene1393	1	2088500	2089500	protein_coding	+	info1393	info1393
Gene1394	1	2090000	2091000	non_coding	-	info1394	info1394
Gene1395	1	2091500	2092500	protein_coding	+	info1395	info1395
Gene1396	1	2093000	2094000	non_coding	-	info1396	info1396
Gene1397	1	2094500	2095500	protein_coding	+	info1397	info1397
Gene1398	1	2096000	2097000	non_coding	-	info1398	info1398
Gene1399	1	2097500	2098500	protein_coding	+	info1399	info1399
Gene1400	1	2099000	2100000	non_coding	-	info1400	info1400
Gene1401	1	2100500	2101500	protein_coding	+	info1401	info1401
Gene1402	1	2102000	2103000	non_coding	-	info1402	info1402
Gene1403	1	2103500	2104500	protein_coding	+	info1403	info1403
Gene1404	1	2105000	2106000	non_coding	-	info1404	info1404
Gene1405	1	2106500	2107500	protein_coding	+	info1405	info1405
Gene1406	1	2108000	2109000	non_coding	-	info1406	info1406
Gene1407	1	2109500	2110500	protein_coding	+	info1407	info1407
Gene1408	1	2111000	2112000	non_coding	-	info1408	info1408
Gene1409	1	2112500	2113500	protein_coding	+	info1409	info1409
Gene1410	1	2114000	2115000	non_coding	-	info1410	info1410
Gene1411	1	2115500	2116500	protein_coding	+	info1411	info1411
Gene1412	1	2117000	2118000	non_coding	-	info1412	info1412
Gene1413	1	2118500	2119500	protein_coding	+	info1413	info1413
Gene1414	1	2120000	2121000	non_coding	-	info1414	info1414
Gene1415	1	2121500	2122500	protein_coding	+	info1415	info1415
Gene1416	1	2123000	2124000	non_coding	-	info1416	info1416
Gene1417	1	2124500	2125500	protein_coding	+	info1417	info1417
Gene1418	1	2126000	2127000	non_coding	-	info1418	info1418
Gene1419	1	2127500	2128500	protein_coding	+	info1419	info1419
Gene1420	1	2129000	2130000	non_coding	-	info1420	info1420
Gene1421	1	2130500	2131500	protein_coding	+	info1421	info1421
Gene1422	1	2132000	2133000	non_coding	-	info1422	info1422
Gene1423	1	2133500	2134500	protein_coding	+	info1423	info1423
Gene1424	1	2135000	2136000	non_coding	-	info1424	info1424
Gene1425	1	2136500	2137500	protein_coding	+	info1425	info1425
Gene1426	1	2138000	2139000	non_coding	-	info1426	info1426
Gene1427	1	2139500	2140500	protein_coding	+	info1427	info1427
Gene1428	1	2141000	2142000	non_coding	-	info1428	info1428
Gene1429	1	2142500	2143500	protein_coding	+	info1429	info1429
Gene1430	1	2144000	2145000	non_coding	-	info1430	info1430
Gene1431	1	2145500	2146500	protein_coding	+	info1431	info1431
Gene1432	1	2147000	2148000	non_coding	-	info1432	info1432
Gene1433	1	2148500	2149500	protein_coding	+	info1433	info1433
Gene1434	1	2150000	2151000	non_coding	-	info1434	info1434
Gene1435	1	2151500	2152500	protein_coding	+	info1435	info1435
Gene1436	1	2153000	2154000	non_coding	-	info1436	info1436
Gene1437	1	2154500	2155500	protein_coding	+	info1437	info1437
